'sample interval',PCG
'0.003003 sec','mV'
0,400
1,-600
2,400
3,1800
4,2200
5,2600
6,1800
7,1200
8,1600
9,1200
10,0
11,-1400
12,-2400
13,-2200
14,-2000
15,-3000
16,-4400
17,-5600
18,-5000
19,-3200
20,-600
21,1400
22,2800
23,3200
24,2800
25,1600
26,1000
27,1600
28,2200
29,1200
30,200
31,0
32,-1600
33,-2000
34,-2000
35,-1400
36,-1200
37,-1800
38,-1600
39,-600
40,200
41,200
42,0
43,1000
44,1400
45,1600
46,400
47,-200
48,200
49,0
50,-400
51,-800
52,400
53,800
54,-800
55,-1200
56,-800
57,-1200
58,-1800
59,-2000
60,-2000
61,-2200
62,-600
63,1800
64,3600
65,3400
66,2000
67,1200
68,400
69,-600
70,-1800
71,-2800
72,-2800
73,-2600
74,-2000
75,-1600
76,0
77,600
78,-1000
79,-1800
80,-200
81,3000
82,5800
83,6400
84,3000
85,-2600
86,-4800
87,-4200
88,-2400
89,-800
90,1200
91,1200
92,-200
93,-2600
94,-3400
95,-3000
96,-2000
97,-1000
98,800
99,2600
100,3800
101,4800
102,5000
103,2400
104,-400
105,-800
106,0
107,-600
108,-1000
109,-2400
110,-2600
111,-2600
112,-3800
113,-3400
114,-2200
115,-1400
116,-1400
117,-1000
118,0
119,-600
120,-1400
121,600
122,2200
123,2200
124,2600
125,2400
126,2400
127,2400
128,1800
129,1400
130,400
131,-2000
132,-4200
133,-5200
134,-5400
135,-4000
136,-2400
137,-1600
138,-200
139,1200
140,1800
141,1600
142,200
143,200
144,1600
145,2200
146,2000
147,3600
148,5200
149,3600
150,-600
151,-2800
152,-2000
153,0
154,1600
155,0
156,-1200
157,-1000
158,-1000
159,-2200
160,-3600
161,-3000
162,-1000
163,600
164,0
165,-1800
166,-2200
167,-1200
168,200
169,2000
170,3000
171,2000
172,-1400
173,-3600
174,-3000
175,-2000
176,-1800
177,-1600
178,-400
179,1400
180,2000
181,200
182,-2400
183,-200
184,2600
185,800
186,200
187,3000
188,5200
189,5400
190,3000
191,-1400
192,-3400
193,-2200
194,-1200
195,-2600
196,-2200
197,400
198,1000
199,-3000
200,-3000
201,4400
202,5800
203,-1400
204,-9600
205,-7600
206,-1800
207,1400
208,800
209,-2400
210,-1600
211,2600
212,5400
213,6800
214,6000
215,2600
216,-2200
217,-4200
218,-2400
219,-400
220,600
221,400
222,-1000
223,-2600
224,-4600
225,-5800
226,-5000
227,-400
228,3800
229,5200
230,3000
231,400
232,-600
233,-200
234,-800
235,-2800
236,-4000
237,-2400
238,800
239,2400
240,3000
241,3200
242,3800
243,3800
244,3200
245,2400
246,1600
247,1400
248,600
249,-2600
250,-6000
251,-7400
252,-7000
253,-6000
254,-3400
255,400
256,4000
257,4200
258,800
259,-2200
260,-3200
261,-2200
262,-1400
263,-1400
264,-1600
265,-1000
266,200
267,600
268,1600
269,2800
270,4000
271,4800
272,4200
273,3000
274,1800
275,600
276,-1400
277,-1800
278,-2000
279,-2200
280,-3200
281,-3600
282,-3000
283,-2000
284,-1000
285,-800
286,-800
287,-800
288,-400
289,800
290,2800
291,4400
292,3600
293,1200
294,-200
295,-200
296,-200
297,-400
298,0
299,-600
300,-1800
301,-1800
302,-1000
303,-1200
304,-1200
305,-400
306,400
307,0
308,0
309,200
310,0
311,200
312,800
313,1800
314,0
315,-5200
316,-9000
317,-7600
318,-1600
319,4400
320,5600
321,3600
322,3000
323,4200
324,4000
325,2200
326,1200
327,1600
328,400
329,-1800
330,-3200
331,-3600
332,-3200
333,-2200
334,-1400
335,-800
336,-1000
337,-1600
338,-2000
339,-2600
340,-2200
341,-400
342,1800
343,3200
344,3400
345,2200
346,1200
347,-200
348,-1000
349,-800
350,-600
351,200
352,800
353,1000
354,1400
355,2200
356,2200
357,1600
358,400
359,-1400
360,-2000
361,-2400
362,-2800
363,-3400
364,-3800
365,-3800
366,-2600
367,-1400
368,-800
369,600
370,1400
371,2000
372,2200
373,1800
374,1200
375,1200
376,600
377,200
378,-200
379,0
380,200
381,200
382,600
383,1600
384,1400
385,1000
386,0
387,600
388,200
389,-800
390,-2000
391,-1800
392,-1400
393,-1800
394,-2600
395,-3200
396,-1600
397,-400
398,600
399,400
400,400
401,1200
402,1200
403,-400
404,-2000
405,-2000
406,-2000
407,-2400
408,-1800
409,200
410,1600
411,200
412,-2600
413,-3400
414,-1400
415,800
416,4400
417,6400
418,6600
419,4800
420,2400
421,-200
422,-800
423,-1200
424,1400
425,1600
426,1400
427,200
428,-1200
429,-2000
430,-1800
431,-2800
432,-3200
433,-4200
434,-4400
435,-3000
436,-1400
437,-600
438,600
439,1600
440,1600
441,1600
442,2600
443,3800
444,4000
445,3000
446,1000
447,-600
448,-1800
449,-3000
450,-2400
451,-1600
452,-1600
453,-1800
454,-1800
455,-1400
456,0
457,1000
458,1600
459,2600
460,2000
461,400
462,-1600
463,-2400
464,-2200
465,-2000
466,-1600
467,-2400
468,-4200
469,-2800
470,1400
471,600
472,-2000
473,2600
474,7600
475,5600
476,1200
477,-600
478,-200
479,1600
480,2600
481,3000
482,1800
483,-200
484,-1800
485,-1600
486,800
487,2200
488,-200
489,-1200
490,-200
491,-1000
492,-2200
493,-4000
494,-4600
495,-3600
496,-1200
497,-400
498,-2000
499,-4400
500,-3000
501,200
502,2000
503,-200
504,-7000
505,-8200
506,1000
507,5800
508,6800
509,10800
510,10000
511,3000
512,-2200
513,-2400
514,-800
515,-200
516,800
517,-800
518,-3600
519,-4800
520,-5200
521,-5600
522,-6000
523,-4800
524,-2600
525,-600
526,200
527,4800
528,8800
529,5600
530,-1800
531,-5600
532,-1400
533,4600
534,4800
535,2800
536,4400
537,10800
538,14000
539,6200
540,-5400
541,-9600
542,-10000
543,-9400
544,-8600
545,-7600
546,-7600
547,-7200
548,-4400
549,-1400
550,1000
551,3400
552,5200
553,5600
554,3800
555,1800
556,2800
557,4600
558,5400
559,5800
560,4800
561,1200
562,-2600
563,-5400
564,-6400
565,-4800
566,-400
567,2600
568,2000
569,2200
570,2800
571,1200
572,800
573,-600
574,-3000
575,-4200
576,-5000
577,-5800
578,-5600
579,-5600
580,-3400
581,-200
582,800
583,400
584,800
585,2400
586,4400
587,4200
588,1600
589,-400
590,-200
591,0
592,-1400
593,-2400
594,-2400
595,-1600
596,200
597,-200
598,400
599,3800
600,6000
601,6000
602,5400
603,4600
604,3800
605,2800
606,200
607,-4000
608,-7000
609,-8200
610,-6200
611,-4000
612,-4200
613,-4200
614,-3200
615,-2400
616,-800
617,2200
618,2600
619,1600
620,2200
621,3600
622,2200
623,800
624,-400
625,-1800
626,-1400
627,1200
628,2800
629,1000
630,-2600
631,-4200
632,-2200
633,2800
634,7000
635,5000
636,-400
637,-1600
638,-3000
639,-4800
640,-1000
641,5600
642,7400
643,1200
644,-6600
645,-8800
646,-4800
647,-1000
648,-600
649,400
650,1400
651,1400
652,1600
653,1000
654,0
655,-600
656,-600
657,-1200
658,-1000
659,-200
660,800
661,1400
662,2200
663,2600
664,1800
665,-800
666,-3800
667,-4800
668,-4200
669,-3400
670,-1400
671,600
672,800
673,-200
674,-1200
675,-1000
676,-200
677,600
678,0
679,-600
680,-800
681,400
682,2200
683,2200
684,3000
685,2800
686,2600
687,1000
688,-800
689,-1000
690,-2200
691,-1200
692,-2200
693,-2000
694,1600
695,1600
696,-600
697,200
698,2800
699,5400
700,4000
701,-800
702,-2200
703,-1600
704,-600
705,600
706,-1800
707,-1800
708,600
709,-400
710,-1200
711,-2600
712,-4000
713,-4400
714,-4600
715,-4200
716,-3200
717,-1200
718,2000
719,3200
720,1200
721,-400
722,-600
723,-2200
724,-3800
725,-1800
726,2600
727,5800
728,5600
729,4000
730,3000
731,1400
732,0
733,-800
734,0
735,800
736,-400
737,-1600
738,-1800
739,-2400
740,-2800
741,-1400
742,0
743,200
744,400
745,1400
746,2400
747,3400
748,3000
749,1600
750,0
751,-1800
752,-2400
753,-3200
754,-2600
755,-2400
756,-800
757,0
758,-400
759,-200
760,0
761,1400
762,2000
763,1800
764,800
765,-1000
766,-2000
767,-2600
768,-2400
769,-4200
770,-4800
771,-3200
772,-600
773,2000
774,2000
775,2200
776,400
777,1000
778,1800
779,1600
780,2000
781,1000
782,1800
783,2000
784,2200
785,1800
786,-1200
787,-3800
788,-3400
789,600
790,1000
791,-1800
792,-4400
793,-4000
794,-3000
795,-2600
796,-400
797,1200
798,2600
799,4000
800,4000
801,2400
802,1000
803,600
804,800
805,200
806,-1000
807,-2600
808,-3600
809,-4200
810,-3800
811,-3200
812,-2200
813,-600
814,-400
815,-200
816,-600
817,-200
818,200
819,0
820,200
821,1200
822,3200
823,4000
824,3400
825,2800
826,2000
827,0
828,-1200
829,-2600
830,-3000
831,-3000
832,-1600
833,200
834,1200
835,1400
836,600
837,-200
838,-400
839,800
840,2000
841,2800
842,1600
843,-600
844,-2000
845,-2000
846,-1000
847,-1400
848,-1600
849,-1400
850,-1400
851,-1200
852,-1200
853,-800
854,-1600
855,-2400
856,-3000
857,-3200
858,-1800
859,1000
860,3200
861,3600
862,2400
863,400
864,-200
865,-200
866,800
867,2000
868,1600
869,1000
870,400
871,400
872,-200
873,-1800
874,-3000
875,-4200
876,-3000
877,-600
878,200
879,-1600
880,-3400
881,-3200
882,-200
883,4400
884,8400
885,8200
886,4400
887,400
888,-2000
889,-3000
890,-3200
891,-2600
892,-1800
893,-1400
894,-200
895,800
896,600
897,-400
898,-1400
899,-1600
900,-800
901,1000
902,2200
903,3200
904,3400
905,2600
906,1600
907,-200
908,-800
909,-1400
910,-2000
911,-3000
912,-2800
913,-2600
914,-2200
915,-1600
916,-2400
917,-2400
918,600
919,2800
920,3000
921,2200
922,1400
923,0
924,-1600
925,-2000
926,-1000
927,600
928,1200
929,400
930,-200
931,-600
932,-800
933,-1200
934,-2000
935,-2200
936,-1400
937,-1400
938,-2000
939,-3000
940,-4600
941,-3000
942,-200
943,3200
944,3800
945,4800
946,6200
947,4200
948,1600
949,-400
950,1800
951,3200
952,1200
953,-2200
954,-4600
955,-3600
956,-3200
957,-2600
958,200
959,2000
960,2600
961,1800
962,1400
963,2400
964,3200
965,3000
966,2200
967,0
968,-2800
969,-4000
970,-4400
971,-4000
972,-4000
973,-4600
974,-3600
975,-1400
976,800
977,2000
978,2400
979,3600
980,7200
981,4400
982,-6600
983,-12400
984,-6000
985,3800
986,4800
987,-2000
988,-4600
989,-800
990,4000
991,5200
992,5800
993,6800
994,2200
995,-4000
996,-7200
997,-8000
998,-7800
999,-4600
1000,600
1001,6400
1002,9200
1003,8200
1004,2400
1005,-4600
1006,-8600
1007,-8200
1008,-3400
1009,2800
1010,6200
1011,5600
1012,3600
1013,2800
1014,2000
1015,1800
1016,1400
1017,1200
1018,1000
1019,800
1020,1000
1021,-200
1022,-800
1023,-2200
1024,-3000
1025,-4400
1026,-4400
1027,-1800
1028,200
1029,-200
1030,-2200
1031,-2800
1032,-3000
1033,-1800
1034,200
1035,2200
1036,3000
1037,2800
1038,2000
1039,-800
1040,-200
1041,1000
1042,800
1043,200
1044,0
1045,1000
1046,-200
1047,0
1048,-400
1049,-1600
1050,-1800
1051,-1200
1052,400
1053,0
1054,-600
1055,-200
1056,-400
1057,-1000
1058,-1200
1059,-1400
1060,-2000
1061,-1800
1062,-1800
1063,-400
1064,-200
1065,0
1066,400
1067,1200
1068,2000
1069,2400
1070,2800
1071,2600
1072,2000
1073,1400
1074,600
1075,0
1076,-600
1077,-400
1078,-600
1079,-1800
1080,-3000
1081,-3600
1082,-3400
1083,-2600
1084,-2400
1085,-1800
1086,-600
1087,400
1088,600
1089,1400
1090,2000
1091,2600
1092,2800
1093,1400
1094,400
1095,600
1096,1000
1097,600
1098,-2000
1099,-5600
1100,-6200
1101,-2000
1102,1200
1103,-200
1104,-800
1105,200
1106,1000
1107,600
1108,200
1109,600
1110,400
1111,400
1112,1600
1113,2000
1114,2000
1115,1800
1116,600
1117,200
1118,-400
1119,-2400
1120,-2600
1121,-2200
1122,-2400
1123,-1400
1124,-1600
1125,-1800
1126,-600
1127,0
1128,400
1129,1000
1130,0
1131,-400
1132,200
1133,-1200
1134,-1000
1135,400
1136,2800
1137,3200
1138,0
1139,-2600
1140,-2200
1141,-1000
1142,600
1143,1000
1144,-1200
1145,-1800
1146,-1200
1147,-1400
1148,-1200
1149,-2000
1150,-2200
1151,-600
1152,-800
1153,400
1154,2200
1155,2000
1156,2800
1157,2400
1158,1800
1159,1800
1160,800
1161,-400
1162,-600
1163,-1000
1164,-600
1165,0
1166,0
1167,400
1168,-1000
1169,-1400
1170,-200
1171,800
1172,1800
1173,1200
1174,-1000
1175,-2200
1176,-4400
1177,-4400
1178,-1200
1179,200
1180,-200
1181,-2000
1182,-3600
1183,-4200
1184,-4800
1185,-3400
1186,2400
1187,5600
1188,5000
1189,4200
1190,1200
1191,-2800
1192,-6000
1193,-5400
1194,-1600
1195,1600
1196,4000
1197,4400
1198,3200
1199,3200
1200,1400
1201,-200
1202,-200
1203,-1600
1204,-2000
1205,-2200
1206,-2400
1207,-1200
1208,-1000
1209,-400
1210,2000
1211,3000
1212,2200
1213,0
1214,-1200
1215,-600
1216,-1600
1217,-1400
1218,-600
1219,200
1220,1200
1221,-200
1222,-1800
1223,-2000
1224,-3200
1225,-800
1226,1600
1227,1600
1228,-600
1229,-2600
1230,-1600
1231,600
1232,1600
1233,2800
1234,2200
1235,1600
1236,2200
1237,2000
1238,800
1239,-1400
1240,-3600
1241,-4400
1242,-4200
1243,-3400
1244,-1000
1245,-800
1246,-2400
1247,-4600
1248,-3000
1249,2400
1250,5800
1251,3400
1252,600
1253,0
1254,400
1255,-200
1256,-1000
1257,-800
1258,0
1259,1200
1260,2200
1261,2600
1262,3000
1263,3000
1264,3000
1265,2600
1266,1800
1267,200
1268,-1800
1269,-3400
1270,-3800
1271,-3800
1272,-3000
1273,-1800
1274,-200
1275,800
1276,600
1277,-600
1278,-1200
1279,-400
1280,-800
1281,-2600
1282,-3000
1283,-2000
1284,-1400
1285,-600
1286,-200
1287,-200
1288,200
1289,1600
1290,2400
1291,2200
1292,2200
1293,1400
1294,800
1295,400
1296,400
1297,1000
1298,1400
1299,800
1300,-200
1301,-1400
1302,-2200
1303,-3400
1304,-3800
1305,-3600
1306,-2400
1307,-800
1308,600
1309,1000
1310,600
1311,600
1312,1000
1313,1400
1314,1800
1315,2000
1316,1400
1317,600
1318,800
1319,1400
1320,1200
1321,600
1322,400
1323,1400
1324,1800
1325,1000
1326,-1200
1327,-3600
1328,-5200
1329,-6200
1330,-7000
1331,-5800
1332,-4200
1333,-1800
1334,3400
1335,7800
1336,7200
1337,2800
1338,-1000
1339,-2200
1340,-2000
1341,400
1342,3400
1343,4800
1344,3000
1345,-400
1346,-3000
1347,-4400
1348,-4200
1349,-2600
1350,-400
1351,1800
1352,2400
1353,1400
1354,200
1355,-1000
1356,-1200
1357,-1000
1358,0
1359,1200
1360,2600
1361,3400
1362,3200
1363,400
1364,-2600
1365,-4200
1366,-4000
1367,-3800
1368,-3400
1369,-2400
1370,-800
1371,800
1372,2200
1373,3400
1374,3600
1375,3800
1376,3400
1377,1800
1378,-400
1379,-1800
1380,-2800
1381,-2600
1382,-2600
1383,-2000
1384,-1000
1385,-400
1386,-200
1387,200
1388,800
1389,1400
1390,2400
1391,2600
1392,1200
1393,-1200
1394,-2800
1395,-3000
1396,-2200
1397,-2000
1398,-2600
1399,-1800
1400,-1800
1401,-3400
1402,-5800
1403,-3800
1404,3400
1405,8600
1406,9000
1407,5800
1408,3600
1409,2000
1410,-200
1411,-600
1412,-1000
1413,-2000
1414,-1800
1415,-600
1416,0
1417,400
1418,-1000
1419,-1200
1420,200
1421,1000
1422,-400
1423,-1600
1424,-1200
1425,-1200
1426,-2000
1427,-3600
1428,-3400
1429,-1800
1430,-1000
1431,-600
1432,200
1433,1400
1434,2200
1435,800
1436,-200
1437,-1000
1438,-3000
1439,-4400
1440,-2800
1441,400
1442,2000
1443,2800
1444,2800
1445,3600
1446,3800
1447,2400
1448,200
1449,-1200
1450,-1800
1451,-1800
1452,-1800
1453,-2600
1454,-2000
1455,-600
1456,-400
1457,-400
1458,1000
1459,2000
1460,2000
1461,2200
1462,1200
1463,-400
1464,-1200
1465,-800
1466,0
1467,200
1468,0
1469,-1200
1470,-3600
1471,-4600
1472,-3000
1473,-600
1474,400
1475,-200
1476,400
1477,1600
1478,1200
1479,1200
1480,2000
1481,2000
1482,1400
1483,2200
1484,1800
1485,200
1486,-600
1487,-2600
1488,-1800
1489,0
1490,200
1491,-1000
1492,-3000
1493,-4400
1494,-4000
1495,-2400
1496,1400
1497,3800
1498,2400
1499,1200
1500,-1000
1501,-1400
1502,200
1503,200
1504,600
1505,-200
1506,-400
1507,-200
1508,-400
1509,1000
1510,1000
1511,800
1512,400
1513,0
1514,1200
1515,1600
1516,800
1517,-800
1518,-2200
1519,-1600
1520,-1800
1521,-2400
1522,-3000
1523,-3400
1524,-2200
1525,-1600
1526,-1600
1527,-200
1528,600
1529,2400
1530,3200
1531,3000
1532,3800
1533,2200
1534,1000
1535,-600
1536,-2400
1537,-1000
1538,400
1539,-400
1540,200
1541,-200
1542,-1000
1543,-1000
1544,-1800
1545,-1400
1546,0
1547,-200
1548,200
1549,-1400
1550,-1600
1551,-200
1552,600
1553,1600
1554,1200
1555,1600
1556,1800
1557,-1400
1558,-3200
1559,-3200
1560,-800
1561,3000
1562,2400
1563,-1600
1564,-4600
1565,-4600
1566,-4000
1567,-3200
1568,-2800
1569,-1000
1570,1600
1571,4200
1572,6400
1573,5200
1574,4000
1575,2200
1576,2200
1577,4000
1578,2400
1579,-1200
1580,-4000
1581,-2800
1582,-400
1583,-1400
1584,-3600
1585,-5000
1586,-3800
1587,-3400
1588,-3200
1589,-1000
1590,200
1591,800
1592,1000
1593,1200
1594,1600
1595,800
1596,600
1597,1200
1598,800
1599,1200
1600,1600
1601,1400
1602,800
1603,-1200
1604,-1600
1605,-1200
1606,-1800
1607,-2800
1608,-2600
1609,400
1610,2800
1611,1400
1612,1000
1613,1000
1614,1800
1615,1600
1616,0
1617,-400
1618,-800
1619,600
1620,400
1621,-600
1622,-200
1623,-1600
1624,-2200
1625,-2800
1626,-2600
1627,-1400
1628,-1400
1629,-1200
1630,0
1631,-200
1632,200
1633,1000
1634,600
1635,0
1636,-1200
1637,-600
1638,800
1639,-1200
1640,-3200
1641,-2800
1642,-1200
1643,0
1644,2200
1645,5600
1646,7600
1647,6400
1648,3000
1649,-600
1650,-1400
1651,-3200
1652,-4000
1653,-3800
1654,-5600
1655,-5600
1656,-1400
1657,3000
1658,1600
1659,-1000
1660,0
1661,1400
1662,3000
1663,4000
1664,3800
1665,2400
1666,600
1667,600
1668,2600
1669,1600
1670,-1200
1671,-2200
1672,-3200
1673,-3400
1674,-3400
1675,-3600
1676,-2800
1677,-3200
1678,-2600
1679,-2400
1680,-2200
1681,-1200
1682,-800
1683,-1400
1684,-200
1685,1400
1686,800
1687,0
1688,600
1689,1200
1690,1200
1691,2000
1692,2200
1693,2800
1694,4800
1695,4200
1696,1400
1697,-600
1698,-2000
1699,-2600
1700,-2600
1701,-2400
1702,-2000
1703,-400
1704,600
1705,1600
1706,2600
1707,0
1708,-4800
1709,-4800
1710,-800
1711,2000
1712,1000
1713,-800
1714,-1200
1715,400
1716,1200
1717,800
1718,1400
1719,2800
1720,2600
1721,1800
1722,200
1723,-1200
1724,-1400
1725,-1400
1726,-1000
1727,-2000
1728,-3600
1729,-3400
1730,-3800
1731,-3400
1732,-2400
1733,-800
1734,200
1735,1200
1736,2200
1737,1400
1738,2000
1739,3000
1740,2800
1741,2000
1742,1000
1743,600
1744,-800
1745,-800
1746,-1200
1747,-800
1748,-600
1749,-1400
1750,-1000
1751,-400
1752,1000
1753,600
1754,600
1755,-400
1756,-1200
1757,-1600
1758,-2400
1759,-2200
1760,-2600
1761,-1200
1762,-1400
1763,-1000
1764,-800
1765,200
1766,1000
1767,1800
1768,2600
1769,2000
1770,2600
1771,1600
1772,1800
1773,600
1774,400
1775,-1400
1776,-2200
1777,-1800
1778,-400
1779,1000
1780,0
1781,-800
1782,-2200
1783,-2000
1784,-2600
1785,-2400
1786,-1600
1787,400
1788,2400
1789,2400
1790,200
1791,-2000
1792,-2000
1793,-1400
1794,-1400
1795,0
1796,2200
1797,3000
1798,1200
1799,-800
1800,-2000
1801,-2000
1802,-600
1803,400
1804,1000
1805,1400
1806,1400
1807,1000
1808,3400
1809,-600
1810,-5600
1811,-800
1812,4600
1813,3600
1814,-600
1815,-2200
1816,-1600
1817,-800
1818,-1000
1819,-2000
1820,-2600
1821,-2800
1822,-2400
1823,-2000
1824,-600
1825,0
1826,400
1827,1200
1828,1400
1829,1200
1830,1000
1831,600
1832,400
1833,-200
1834,-600
1835,-1000
1836,-1800
1837,-1600
1838,-400
1839,800
1840,1600
1841,1600
1842,2000
1843,2600
1844,2600
1845,2400
1846,1000
1847,-1400
1848,-3000
1849,-4000
1850,-3400
1851,-2000
1852,0
1853,1200
1854,-200
1855,-4400
1856,-7000
1857,-3600
1858,2600
1859,4000
1860,1000
1861,-1400
1862,-1000
1863,-200
1864,400
1865,1400
1866,3000
1867,3800
1868,3000
1869,2200
1870,2200
1871,1200
1872,1000
1873,1400
1874,600
1875,-600
1876,-1600
1877,-3400
1878,-4400
1879,-4600
1880,-3400
1881,-2000
1882,-2400
1883,-4000
1884,-3800
1885,-1600
1886,1200
1887,2800
1888,3000
1889,3200
1890,3600
1891,3400
1892,1600
1893,600
1894,1000
1895,1200
1896,1000
1897,200
1898,-1000
1899,-800
1900,200
1901,400
1902,-400
1903,-1800
1904,-2400
1905,-2200
1906,-2400
1907,-2800
1908,-3200
1909,-4000
1910,-4800
1911,-2000
1912,1800
1913,2600
1914,1000
1915,0
1916,-800
1917,400
1918,2000
1919,3200
1920,4000
1921,3200
1922,1000
1923,200
1924,-400
1925,-1600
1926,-2800
1927,-2600
1928,-800
1929,600
1930,1400
1931,2200
1932,2800
1933,5800
1934,9600
1935,3800
1936,-7400
1937,-12600
1938,-8600
1939,-2200
1940,-400
1941,-3000
1942,-1400
1943,5000
1944,12800
1945,14200
1946,4600
1947,-5200
1948,-8800
1949,-9000
1950,-7600
1951,-5200
1952,-4000
1953,-3400
1954,-3200
1955,-3000
1956,-1800
1957,-200
1958,1000
1959,1600
1960,1600
1961,1400
1962,600
1963,1000
1964,2000
1965,4000
1966,5200
1967,4600
1968,4000
1969,3000
1970,2000
1971,1600
1972,1000
1973,1000
1974,1000
1975,1200
1976,200
1977,-2000
1978,-4200
1979,-5400
1980,-5200
1981,-4600
1982,-4400
1983,-3600
1984,-2000
1985,-1000
1986,600
1987,600
1988,2200
1989,2000
1990,2200
1991,1600
1992,600
1993,0
1994,-600
1995,400
1996,-200
1997,-1000
1998,-2200
1999,-2600
2000,-2200
2001,-600
2002,-400
2003,-2400
2004,-2400
2005,2600
2006,400
2007,-1600
2008,400
2009,1800
2010,-1600
2011,-3000
2012,-1200
2013,3800
2014,7200
2015,4800
2016,2600
2017,1600
2018,1200
2019,-600
2020,-2600
2021,-800
2022,200
2023,200
2024,0
2025,0
2026,600
2027,-400
2028,-800
2029,-600
2030,600
2031,-200
2032,-1600
2033,-4200
2034,-4000
2035,-3200
2036,-1800
2037,-200
2038,600
2039,-600
2040,1000
2041,-1000
2042,-600
2043,1000
2044,200
2045,600
2046,2400
2047,800
2048,600
2049,200
2050,-400
2051,0
2052,400
2053,-600
2054,-1800
2055,-200
2056,-1200
2057,-400
2058,2000
2059,1000
2060,-1200
2061,-1000
2062,-1400
2063,-1800
2064,800
2065,-400
2066,-200
2067,1400
2068,-400
2069,-1400
2070,200
2071,2200
2072,200
2073,-1400
2074,-2200
2075,-1800
2076,-400
2077,-1400
2078,0
2079,600
2080,600
2081,0
2082,1400
2083,1000
2084,1400
2085,1000
2086,1600
2087,2000
2088,3200
2089,3600
2090,-1000
2091,-4000
2092,-2400
2093,-3000
2094,-5800
2095,-4200
2096,-2200
2097,-3000
2098,-3600
2099,-3400
2100,-2800
2101,-1400
2102,400
2103,1000
2104,3800
2105,3200
2106,3000
2107,4000
2108,2800
2109,-400
2110,-200
2111,0
2112,-2000
2113,-200
2114,400
2115,-800
2116,800
2117,-2200
2118,-3400
2119,-3800
2120,-2600
2121,-3400
2122,-600
2123,800
2124,0
2125,600
2126,-200
2127,3200
2128,4400
2129,5000
2130,3000
2131,2400
2132,1800
2133,800
2134,600
2135,-600
2136,-400
2137,-400
2138,-600
2139,-1400
2140,-200
2141,2400
2142,1600
2143,-1400
2144,-6600
2145,-6800
2146,-3200
2147,200
2148,-200
2149,-1400
2150,-1400
2151,-800
2152,-400
2153,-800
2154,-1800
2155,-600
2156,400
2157,2000
2158,2000
2159,2800
2160,2200
2161,3000
2162,3000
2163,3400
2164,3800
2165,1400
2166,-4400
2167,-10200
2168,-10400
2169,-4200
2170,2400
2171,3200
2172,400
2173,-600
2174,600
2175,2400
2176,1200
2177,200
2178,-200
2179,-200
2180,-1200
2181,-200
2182,-400
2183,-600
2184,-200
2185,-200
2186,1200
2187,1200
2188,-200
2189,0
2190,-400
2191,-2000
2192,-2200
2193,-2600
2194,-4200
2195,-3600
2196,0
2197,4400
2198,3800
2199,-1000
2200,-3000
2201,-1800
2202,400
2203,2600
2204,3000
2205,1800
2206,3200
2207,4800
2208,4400
2209,3800
2210,400
2211,-3400
2212,-3600
2213,-4600
2214,-5600
2215,-4200
2216,-3000
2217,-3000
2218,-1600
2219,-1000
2220,-200
2221,1000
2222,600
2223,-1200
2224,-800
2225,1400
2226,3000
2227,2600
2228,4400
2229,6200
2230,5200
2231,2800
2232,1400
2233,1000
2234,-600
2235,-2000
2236,-2600
2237,-2800
2238,-2600
2239,-3400
2240,-3800
2241,-3800
2242,-3200
2243,-2200
2244,-1800
2245,-800
2246,0
2247,200
2248,0
2249,-1000
2250,-1400
2251,-1400
2252,0
2253,2400
2254,2400
2255,200
2256,-2600
2257,-3000
2258,-2400
2259,-1200
2260,2400
2261,5000
2262,4400
2263,1600
2264,200
2265,-1000
2266,-1600
2267,-400
2268,400
2269,1600
2270,4200
2271,3800
2272,-800
2273,-1800
2274,-2200
2275,-4200
2276,-4200
2277,-2000
2278,200
2279,1400
2280,1400
2281,1200
2282,1800
2283,2600
2284,2200
2285,800
2286,-1600
2287,-4000
2288,-4600
2289,-4400
2290,-3800
2291,-2800
2292,-1200
2293,600
2294,600
2295,0
2296,1400
2297,2400
2298,1000
2299,-600
2300,1400
2301,4200
2302,3200
2303,-1600
2304,-4200
2305,-3200
2306,-800
2307,200
2308,0
2309,400
2310,600
2311,0
2312,-200
2313,-200
2314,-800
2315,-1600
2316,-2400
2317,-2200
2318,-200
2319,1800
2320,400
2321,-3600
2322,-3400
2323,2600
2324,6400
2325,3600
2326,200
2327,-1400
2328,-2800
2329,-2800
2330,-1200
2331,-600
2332,400
2333,1600
2334,2000
2335,2000
2336,1400
2337,1400
2338,2200
2339,2000
2340,1200
2341,200
2342,-1000
2343,-2400
2344,-3200
2345,-3600
2346,-2800
2347,-2600
2348,-2200
2349,-1800
2350,-800
2351,0
2352,-200
2353,-600
2354,-600
2355,-800
2356,-600
2357,-200
2358,400
2359,1600
2360,2200
2361,2000
2362,1800
2363,1400
2364,800
2365,-400
2366,-1400
2367,-1600
2368,-1600
2369,-1800
2370,-600
2371,1000
2372,1000
2373,1000
2374,3200
2375,1200
2376,-3600
2377,-3600
2378,-800
2379,1000
2380,1000
2381,800
2382,400
2383,-200
2384,0
2385,-600
2386,-1400
2387,-800
2388,0
2389,400
2390,200
2391,200
2392,200
2393,-200
2394,0
2395,200
2396,-1000
2397,-1400
2398,-1000
2399,-800
2400,-600
2401,-600
2402,-800
2403,-600
2404,-400
2405,200
2406,1200
2407,1800
2408,1400
2409,1400
2410,1600
2411,1000
2412,600
2413,-400
2414,-1400
2415,200
2416,2200
2417,400
2418,-3000
2419,-5800
2420,-7000
2421,-6000
2422,-600
2423,4400
2424,4200
2425,1200
2426,-1000
2427,-2400
2428,-2000
2429,-600
2430,600
2431,2200
2432,2800
2433,1800
2434,1200
2435,1000
2436,800
2437,1200
2438,1200
2439,1000
2440,2200
2441,3600
2442,2600
2443,600
2444,-1800
2445,-4400
2446,-6000
2447,-5800
2448,-5000
2449,-5400
2450,-3800
2451,-1000
2452,600
2453,1400
2454,3400
2455,3600
2456,3200
2457,4400
2458,3800
2459,2200
2460,1400
2461,-200
2462,-2400
2463,-2400
2464,-1800
2465,-2400
2466,0
2467,1800
2468,400
2469,-200
2470,0
2471,-1400
2472,-3000
2473,-3800
2474,-4000
2475,-2400
2476,-600
2477,-200
2478,800
2479,1600
2480,1600
2481,2200
2482,2400
2483,-200
2484,-3000
2485,-2800
2486,2400
2487,7200
2488,5600
2489,2800
2490,1000
2491,200
2492,200
2493,-1600
2494,-3200
2495,-4200
2496,-4000
2497,-3000
2498,-2600
2499,-2200
2500,-1200
2501,-600
2502,-1000
2503,-1000
2504,-1800
2505,-2200
2506,-800
2507,1200
2508,2400
2509,600
2510,-3200
2511,-3000
2512,400
2513,1400
2514,2400
2515,3800
2516,4000
2517,4600
2518,5200
2519,3000
2520,1400
2521,1200
2522,-600
2523,-1800
2524,-1200
2525,-3200
2526,-3400
2527,-600
2528,200
2529,-200
2530,1200
2531,-800
2532,-2600
2533,-600
2534,-2200
2535,-3400
2536,-200
2537,-800
2538,-3200
2539,-1800
2540,-1400
2541,-1600
2542,400
2543,-600
2544,-1000
2545,600
2546,-800
2547,-1800
2548,0
2549,-1000
2550,-1000
2551,3000
2552,2800
2553,-200
2554,0
2555,-800
2556,-1200
2557,3000
2558,3000
2559,1000
2560,2400
2561,2000
2562,-200
2563,600
2564,0
2565,-1600
2566,-1400
2567,-3000
2568,-4400
2569,-1200
2570,200
2571,-2000
2572,-1000
2573,1600
2574,1400
2575,800
2576,-800
2577,-2400
2578,-1400
2579,1400
2580,2800
2581,4000
2582,4400
2583,-800
2584,-5000
2585,-2800
2586,-400
2587,0
2588,1400
2589,1800
2590,-200
2591,-600
2592,2000
2593,2000
2594,600
2595,1000
2596,400
2597,-1000
2598,600
2599,0
2600,-2200
2601,-3200
2602,-4000
2603,-4600
2604,-3800
2605,-3600
2606,-3400
2607,-2000
2608,-600
2609,400
2610,2400
2611,3000
2612,2200
2613,1800
2614,2400
2615,2800
2616,2400
2617,1400
2618,1000
2619,400
2620,-400
2621,-1400
2622,-1000
2623,-400
2624,-200
2625,-1400
2626,-2600
2627,-2400
2628,-800
2629,1200
2630,1200
2631,200
2632,-800
2633,-1000
2634,-800
2635,-400
2636,-400
2637,-600
2638,200
2639,1400
2640,3000
2641,4400
2642,2800
2643,-2400
2644,-6000
2645,-4400
2646,600
2647,1800
2648,-800
2649,-1800
2650,-1000
2651,-1600
2652,-2200
2653,-1800
2654,-1000
2655,-800
2656,-1400
2657,-1600
2658,-1000
2659,200
2660,1400
2661,3000
2662,4000
2663,3800
2664,3400
2665,2600
2666,1800
2667,1600
2668,1800
2669,2200
2670,2000
2671,800
2672,-400
2673,-1800
2674,-3000
2675,-3800
2676,-4800
2677,-5800
2678,-5400
2679,-4800
2680,-4200
2681,-3200
2682,-1600
2683,200
2684,1400
2685,1400
2686,2000
2687,2800
2688,3200
2689,4000
2690,4600
2691,3000
2692,1400
2693,2200
2694,3600
2695,1600
2696,-2400
2697,-5000
2698,-4400
2699,-3800
2700,-3400
2701,-2600
2702,-1400
2703,-600
2704,0
2705,1200
2706,2600
2707,2400
2708,1800
2709,1400
2710,800
2711,400
2712,800
2713,1400
2714,1600
2715,1200
2716,1200
2717,1200
2718,400
2719,-400
2720,-800
2721,-1400
2722,-2800
2723,-4400
2724,-4200
2725,-3200
2726,-2800
2727,-2000
2728,-1600
2729,-2200
2730,-3400
2731,-4200
2732,-3600
2733,-2200
2734,1000
2735,5800
2736,9200
2737,7200
2738,1800
2739,-600
2740,0
2741,1800
2742,2200
2743,400
2744,-1000
2745,-1200
2746,-2200
2747,-2600
2748,-1400
2749,-2400
2750,-1800
2751,1800
2752,3000
2753,2400
2754,2200
2755,2400
2756,2200
2757,1600
2758,600
2759,-2000
2760,-2400
2761,-600
2762,-200
2763,-600
2764,-2000
2765,-3600
2766,-3600
2767,-5800
2768,-6600
2769,5200
2770,2600
2771,200
2772,-1000
2773,-2600
2774,-3200
2775,-800
2776,1400
2777,1000
2778,1000
2779,1600
2780,1600
2781,1000
2782,-600
2783,-1800
2784,-1600
2785,-600
2786,-400
2787,-3000
2788,-2400
2789,-200
2790,-200
2791,0
2792,-400
2793,1800
2794,4800
2795,2400
2796,1800
2797,3000
2798,3600
2799,3600
2800,2400
2801,1000
2802,-400
2803,-400
2804,200
2805,-600
2806,-400
2807,200
2808,-400
2809,-1400
2810,-2200
2811,-2400
2812,-2200
2813,-2000
2814,-2400
2815,-3000
2816,-2000
2817,-1400
2818,-2400
2819,-2200
2820,-600
2821,-1000
2822,-1200
2823,-1200
2824,-1000
2825,0
2826,400
2827,400
2828,1400
2829,1200
2830,-200
2831,-1600
2832,-2000
2833,-400
2834,1600
2835,1800
2836,4600
2837,4600
2838,1200
2839,-1000
2840,-2400
2841,-2800
2842,-800
2843,1800
2844,3800
2845,4000
2846,2200
2847,-200
2848,-1200
2849,-200
2850,200
2851,0
2852,400
2853,200
2854,-1000
2855,-2200
2856,-3000
2857,-2200
2858,-1400
2859,-400
2860,400
2861,600
2862,800
2863,600
2864,0
2865,-600
2866,-800
2867,-2000
2868,-3200
2869,-3400
2870,-2600
2871,-1800
2872,-1000
2873,-600
2874,-400
2875,-400
2876,-800
2877,-1200
2878,-600
2879,600
2880,800
2881,200
2882,1400
2883,3800
2884,3600
2885,200
2886,-2200
2887,-1800
2888,-600
2889,1200
2890,4000
2891,6200
2892,6400
2893,3200
2894,-1200
2895,-3600
2896,-3400
2897,-3200
2898,-3000
2899,-2400
2900,-1200
2901,-1000
2902,-1200
2903,-800
2904,0
2905,400
2906,-200
2907,-600
2908,200
2909,800
2910,400
2911,-200
2912,-1200
2913,-1200
2914,-400
2915,-400
2916,-1000
2917,-1200
2918,-600
2919,600
2920,1200
2921,800
2922,-200
2923,-1800
2924,-5800
2925,1800
2926,1400
2927,-1800
2928,-2400
2929,400
2930,1400
2931,-400
2932,-600
2933,-200
2934,0
2935,-200
2936,-200
2937,400
2938,1600
2939,2800
2940,2800
2941,2600
2942,1000
2943,-600
2944,-800
2945,0
2946,400
2947,400
2948,800
2949,1400
2950,2600
2951,3000
2952,400
2953,-4600
2954,-9600
2955,-10000
2956,-4200
2957,1800
2958,3800
2959,3400
2960,600
2961,-2000
2962,-2800
2963,-2200
2964,-2200
2965,-3000
2966,-2600
2967,-1200
2968,1000
2969,2600
2970,3600
2971,4000
2972,3200
2973,2400
2974,1400
2975,400
2976,-1400
2977,-1600
2978,-1800
2979,-1000
2980,200
2981,800
2982,1000
2983,600
2984,0
2985,-600
2986,-1600
2987,-3000
2988,-2600
2989,-600
2990,600
2991,1200
2992,1000
2993,1200
2994,1000
2995,600
2996,800
2997,400
2998,-600
2999,-1600
3000,-2000
3001,-2400
3002,-2400
3003,-2000
3004,-1400
3005,-400
3006,-200
3007,-800
3008,-800
3009,800
3010,2400
3011,3000
3012,3000
3013,3000
3014,2400
3015,1600
3016,400
3017,200
3018,0
3019,-600
3020,-1400
3021,-2400
3022,-3000
3023,-2600
3024,-2600
3025,-1800
3026,-1400
3027,-1200
3028,-1000
3029,-1200
3030,-1000
3031,400
3032,1400
3033,1800
3034,1200
3035,1000
3036,800
3037,1000
3038,800
3039,600
3040,800
3041,2200
3042,3800
3043,2000
3044,-2200
3045,-5000
3046,-5600
3047,-5400
3048,-3800
3049,0
3050,3400
3051,3000
3052,0
3053,-3200
3054,-4400
3055,-4200
3056,-2400
3057,-600
3058,200
3059,400
3060,400
3061,800
3062,1400
3063,2000
3064,2600
3065,3000
3066,3000
3067,2200
3068,1400
3069,1000
3070,800
3071,1000
3072,400
3073,-400
3074,-1600
3075,-3000
3076,-4200
3077,-4600
3078,-3600
3079,-2800
3080,-1400
3081,-400
3082,600
3083,1400
3084,1800
3085,1800
3086,1800
3087,1800
3088,1800
3089,1800
3090,2200
3091,1400
3092,-400
3093,-2400
3094,-3000
3095,-2200
3096,-2200
3097,-2200
3098,-2000
3099,-2800
3100,-2600
3101,-1600
3102,-2000
3103,-4400
3104,-4200
3105,-200
3106,2800
3107,3200
3108,600
3109,-2600
3110,-3200
3111,0
3112,5000
3113,6800
3114,5400
3115,3800
3116,2800
3117,1400
3118,-600
3119,-3000
3120,-4000
3121,-3000
3122,-1000
3123,-200
3124,-200
3125,0
3126,200
3127,-200
3128,-400
3129,200
3130,200
3131,-1200
3132,-2600
3133,-2400
3134,-1400
3135,-1400
3136,-1400
3137,400
3138,2200
3139,2600
3140,2800
3141,2000
3142,800
3143,-600
3144,-2400
3145,-3800
3146,-4000
3147,-3800
3148,-4200
3149,-5000
3150,-4600
3151,-3200
3152,-400
3153,3800
3154,6000
3155,6200
3156,5600
3157,4400
3158,2800
3159,2000
3160,1600
3161,1800
3162,1600
3163,1200
3164,1400
3165,600
3166,-1400
3167,-2800
3168,-3800
3169,-3600
3170,-3800
3171,-4400
3172,-4600
3173,-5200
3174,-4800
3175,-3000
3176,-600
3177,800
3178,1400
3179,2200
3180,2400
3181,1600
3182,1200
3183,2200
3184,3200
3185,2800
3186,2000
3187,600
3188,-400
3189,-200
3190,200
3191,1000
3192,1200
3193,400
3194,-1200
3195,-1600
3196,-1600
3197,-2000
3198,-2600
3199,-3000
3200,-3400
3201,-2800
3202,-200
3203,2400
3204,2000
3205,-400
3206,-1400
3207,-800
3208,400
3209,1200
3210,2600
3211,2800
3212,1400
3213,-200
3214,-1200
3215,-1800
3216,-1800
3217,-1000
3218,0
3219,-600
3220,-1000
3221,-200
3222,1400
3223,1400
3224,1400
3225,1800
3226,1600
3227,800
3228,-200
3229,-600
3230,-1000
3231,-1000
3232,-1200
3233,-1400
3234,-1800
3235,-2800
3236,-3200
3237,-2600
3238,-1800
3239,-1400
3240,-1800
3241,-600
3242,400
3243,1000
3244,1600
3245,2600
3246,2800
3247,2600
3248,2200
3249,1200
3250,800
3251,800
3252,600
3253,600
3254,0
3255,-600
3256,-1400
3257,-1200
3258,-200
3259,0
3260,-1000
3261,-1800
3262,-1400
3263,-1200
3264,-800
3265,-800
3266,-1000
3267,-1200
3268,-1000
3269,400
3270,1400
3271,-200
3272,-4000
3273,-6000
3274,-3800
3275,1000
3276,4600
3277,3000
3278,2000
3279,-200
3280,-800
3281,1400
3282,1200
3283,1600
3284,600
3285,1000
3286,1400
3287,0
3288,600
3289,-200
3290,600
3291,1400
3292,800
3293,1400
3294,-400
3295,-1400
3296,-1400
3297,-3200
3298,-3400
3299,-3400
3300,-3400
3301,-2000
3302,-2200
3303,-1200
3304,200
3305,200
3306,2200
3307,2600
3308,1800
3309,1800
3310,1000
3311,1600
3312,1600
3313,-400
3314,-400
3315,-800
3316,-1200
3317,-400
3318,-2000
3319,-1000
3320,-600
3321,-1800
3322,-600
3323,-1400
3324,-2000
3325,-800
3326,-200
3327,3800
3328,5800
3329,3800
